period,vc,ac,ft,Tlaunched,Dx,Tdropped
0.5206047,1.448238942,17.47830028,0.370539966,1.6,0.3,3.26
0.2653261,2.841635256,67.29075772,1.426564064,0.8,0.2,1.63
1.0313294,0.73105644,4.453695992,0.094418355,0.9,0.26,2.13
0.5205272,1.448454567,17.48350527,0.370650312,1.03,0.38,1.18
0.7820055,,,,0.7,0.28,1.62
0.7593122,,,,0.7,0.1,1.32
0.2693134,,,,0.53,0.28,1.03
0.2895132,,,,0.6,0.73,0.86
0.5273918 ,,,,0.83,0.52,1.35
0.5143101,,,,0.55,0.46,
