Period(s),Timelaunched(s),Dx(m),Timedropped(s)
0.5206047,1.6,0.3,1.63
0.2653261,0.8,0.2,1.18
1.0313294,0.9,0.26,1.62
0.5205272,1.03,0.38,1.32
0.7820055,0.7,0.28,1.03
0.7593122,0.7,0.1,0.86
0.2693134,0.53,0.28,1.35
0.2895132,0.6,0.73,0.70 
0.5273918,0.83,0.52,
0.5143101,0.55,0.46,
